{
  "kind" : "tasks#taskLists",
  "items" : [ {
    "kind" : "tasks#taskList",
    "id" : "MTUwNzY0NTg3Njk2MDA0MDIxMzE6MDow",
    "title" : "Alice SNE's list",
    "updated" : "2017-03-10T15:26:44.000Z",
    "selfLink" : "https://www.googleapis.com/tasks/v1/users/@me/lists/MTUwNzY0NTg3Njk2MDA0MDIxMzE6MDow",
    "kind" : "tasks#tasks",
    "items" : [ {
      "kind" : "tasks#task",
      "id" : "MTUwNzY0NTg3Njk2MDA0MDIxMzE6MDoxMzA5MDY5MDk2",
      "title" : "New Task 1\n",
      "updated" : "2017-03-10T14:01:38.000Z",
      "selfLink" : "https://www.googleapis.com/tasks/v1/lists/MTUwNzY0NTg3Njk2MDA0MDIxMzE6MDow/tasks/MTUwNzY0NTg3Njk2MDA0MDIxMzE6MDoxMzA5MDY5MDk2",
      "status" : "needsAction"
    }, {
      "kind" : "tasks#task",
      "id" : "MTUwNzY0NTg3Njk2MDA0MDIxMzE6MDoxMzY3NzIwODEz",
      "title" : "Chat with bob via hangouts",
      "updated" : "2017-02-28T13:40:36.000Z",
      "selfLink" : "https://www.googleapis.com/tasks/v1/lists/MTUwNzY0NTg3Njk2MDA0MDIxMzE6MDow/tasks/MTUwNzY0NTg3Njk2MDA0MDIxMzE6MDoxMzY3NzIwODEz",
      "status" : "needsAction"
    }, {
      "kind" : "tasks#task",
      "id" : "MTUwNzY0NTg3Njk2MDA0MDIxMzE6MDo3MDk2MTA1MjY",
      "title" : "New Task 2",
      "updated" : "2017-03-10T14:01:45.000Z",
      "selfLink" : "https://www.googleapis.com/tasks/v1/lists/MTUwNzY0NTg3Njk2MDA0MDIxMzE6MDow/tasks/MTUwNzY0NTg3Njk2MDA0MDIxMzE6MDo3MDk2MTA1MjY",
      "status" : "needsAction"
    }, {
      "kind" : "tasks#task",
      "id" : "MTUwNzY0NTg3Njk2MDA0MDIxMzE6MDoxMjYyMzUwODUz",
      "title" : "",
      "updated" : "2017-03-10T15:26:44.000Z",
      "selfLink" : "https://www.googleapis.com/tasks/v1/lists/MTUwNzY0NTg3Njk2MDA0MDIxMzE6MDow/tasks/MTUwNzY0NTg3Njk2MDA0MDIxMzE6MDoxMjYyMzUwODUz",
      "status" : "needsAction"
    } ]
  }, {
    "kind" : "tasks#taskList",
    "id" : "MTUwNzY0NTg3Njk2MDA0MDIxMzE6MTUxOTY4NzQ1MTow",
    "title" : "Second task list",
    "updated" : "2017-03-10T14:02:28.000Z",
    "selfLink" : "https://www.googleapis.com/tasks/v1/users/@me/lists/MTUwNzY0NTg3Njk2MDA0MDIxMzE6MTUxOTY4NzQ1MTow",
    "kind" : "tasks#tasks",
    "items" : [ {
      "kind" : "tasks#task",
      "id" : "MTUwNzY0NTg3Njk2MDA0MDIxMzE6MTUxOTY4NzQ1MTozMDIxODY4NDk",
      "title" : "New task 3",
      "updated" : "2017-03-10T14:02:28.000Z",
      "selfLink" : "https://www.googleapis.com/tasks/v1/lists/MTUwNzY0NTg3Njk2MDA0MDIxMzE6MTUxOTY4NzQ1MTow/tasks/MTUwNzY0NTg3Njk2MDA0MDIxMzE6MTUxOTY4NzQ1MTozMDIxODY4NDk",
      "notes" : "fgfsgfdg",
      "status" : "needsAction",
      "due" : "2017-03-30T00:00:00.000Z"
    }, {
      "kind" : "tasks#task",
      "id" : "MTUwNzY0NTg3Njk2MDA0MDIxMzE6MTUxOTY4NzQ1MToyNzU0MTM1ODU",
      "title" : "",
      "updated" : "2017-03-10T14:02:13.000Z",
      "selfLink" : "https://www.googleapis.com/tasks/v1/lists/MTUwNzY0NTg3Njk2MDA0MDIxMzE6MTUxOTY4NzQ1MTow/tasks/MTUwNzY0NTg3Njk2MDA0MDIxMzE6MTUxOTY4NzQ1MToyNzU0MTM1ODU",
      "status" : "needsAction"
    } ]
  } ]
}