{
  "locations" : [ {
    "timestampMs" : "1488887501000",
    "latitudeE7" : 524511217,
    "longitudeE7" : 49414433,
    "accuracy" : 20,
    "altitude" : 0,
    "activitys" : [ {
      "timestampMs" : "1488894657904",
      "activities" : [ {
        "type" : "still",
        "confidence" : 100
      } ]
    }, {
      "timestampMs" : "1488894529036",
      "activities" : [ {
        "type" : "still",
        "confidence" : 100
      } ]
    } ]
  }, {
    "timestampMs" : "1488886831000",
    "latitudeE7" : 524511217,
    "longitudeE7" : 49415550,
    "accuracy" : 20,
    "altitude" : 0
  }, {
    "timestampMs" : "1488886820000",
    "latitudeE7" : 524511233,
    "longitudeE7" : 49415550,
    "accuracy" : 20,
    "altitude" : 0,
    "activitys" : [ {
      "timestampMs" : "1488894023646",
      "activities" : [ {
        "type" : "still",
        "confidence" : 100
      } ]
    }, {
      "timestampMs" : "1488893921195",
      "activities" : [ {
        "type" : "still",
        "confidence" : 100
      } ]
    }, {
      "timestampMs" : "1488893810229",
      "activities" : [ {
        "type" : "still",
        "confidence" : 100
      } ]
    } ]
  }, {
    "timestampMs" : "1488886689000",
    "latitudeE7" : 524511233,
    "longitudeE7" : 49440000,
    "accuracy" : 20,
    "altitude" : 0
  }, {
    "timestampMs" : "1488886668000",
    "latitudeE7" : 524511233,
    "longitudeE7" : 49487100,
    "accuracy" : 20,
    "altitude" : 0
  }, {
    "timestampMs" : "1488886653000",
    "latitudeE7" : 524511233,
    "longitudeE7" : 49486983,
    "accuracy" : 20,
    "altitude" : 0
  }, {
    "timestampMs" : "1488886531000",
    "latitudeE7" : 529511233,
    "longitudeE7" : 49480000,
    "accuracy" : 20,
    "altitude" : 0
  }, {
    "timestampMs" : "1488885287000",
    "latitudeE7" : 490808000,
    "longitudeE7" : 174283000,
    "accuracy" : 20,
    "altitude" : 191
  }, {
    "timestampMs" : "1488885271000",
    "latitudeE7" : 490805983,
    "longitudeE7" : 174283983,
    "accuracy" : 20,
    "altitude" : 192
  }, {
    "timestampMs" : "1488885256000",
    "latitudeE7" : 490799983,
    "longitudeE7" : 174289983,
    "accuracy" : 20,
    "altitude" : 191
  }, {
    "timestampMs" : "1488885240000",
    "latitudeE7" : 490795983,
    "longitudeE7" : 174300983,
    "accuracy" : 20,
    "altitude" : 187
  }, {
    "timestampMs" : "1488885154000",
    "latitudeE7" : 490743983,
    "longitudeE7" : 174276000,
    "accuracy" : 20,
    "altitude" : 186
  }, {
    "timestampMs" : "1488885139000",
    "latitudeE7" : 490741983,
    "longitudeE7" : 174273983,
    "accuracy" : 20,
    "altitude" : 185
  }, {
    "timestampMs" : "1488885118000",
    "latitudeE7" : 490737983,
    "longitudeE7" : 174213983,
    "accuracy" : 20,
    "altitude" : 182,
    "activitys" : [ {
      "timestampMs" : "1488892297934",
      "activities" : [ {
        "type" : "still",
        "confidence" : 100
      } ]
    }, {
      "timestampMs" : "1488892237897",
      "activities" : [ {
        "type" : "still",
        "confidence" : 100
      } ]
    }, {
      "timestampMs" : "1488892169403",
      "activities" : [ {
        "type" : "still",
        "confidence" : 100
      } ]
    }, {
      "timestampMs" : "1488891674357",
      "activities" : [ {
        "type" : "still",
        "confidence" : 100
      } ]
    } ]
  }, {
    "timestampMs" : "1488884923000",
    "latitudeE7" : 490807000,
    "longitudeE7" : 174283000,
    "accuracy" : 20,
    "altitude" : 190
  }, {
    "timestampMs" : "1488884628000",
    "latitudeE7" : 490807000,
    "longitudeE7" : 174283000,
    "accuracy" : 20,
    "altitude" : 190
  }, {
    "timestampMs" : "1488884613000",
    "latitudeE7" : 490808000,
    "longitudeE7" : 174283983,
    "accuracy" : 20,
    "altitude" : 191
  }, {
    "timestampMs" : "1488884598000",
    "latitudeE7" : 490807000,
    "longitudeE7" : 174283983,
    "accuracy" : 20,
    "altitude" : 192
  }, {
    "timestampMs" : "1488884567000",
    "latitudeE7" : 490795983,
    "longitudeE7" : 174298983,
    "accuracy" : 20,
    "altitude" : 188
  }, {
    "timestampMs" : "1488884552000",
    "latitudeE7" : 490803000,
    "longitudeE7" : 174304983,
    "accuracy" : 20,
    "altitude" : 185
  }, {
    "timestampMs" : "1488884537000",
    "latitudeE7" : 490808000,
    "longitudeE7" : 174314983,
    "accuracy" : 20,
    "altitude" : 184
  }, {
    "timestampMs" : "1488884521000",
    "latitudeE7" : 490790983,
    "longitudeE7" : 174305983,
    "accuracy" : 20,
    "altitude" : 187
  }, {
    "timestampMs" : "1488884505000",
    "latitudeE7" : 490773000,
    "longitudeE7" : 174292000,
    "accuracy" : 20,
    "altitude" : 196
  }, {
    "timestampMs" : "1488884489000",
    "latitudeE7" : 490754000,
    "longitudeE7" : 174281000,
    "accuracy" : 20,
    "altitude" : 192
  }, {
    "timestampMs" : "1488884474000",
    "latitudeE7" : 490741983,
    "longitudeE7" : 174274983,
    "accuracy" : 20,
    "altitude" : 186
  }, {
    "timestampMs" : "1488884453000",
    "latitudeE7" : 490741000,
    "longitudeE7" : 174264000,
    "accuracy" : 20,
    "altitude" : 184
  }, {
    "timestampMs" : "1488884437000",
    "latitudeE7" : 490735983,
    "longitudeE7" : 174236000,
    "accuracy" : 20,
    "altitude" : 182
  }, {
    "timestampMs" : "1488884422000",
    "latitudeE7" : 490735983,
    "longitudeE7" : 174212983,
    "accuracy" : 20,
    "altitude" : 181
  }, {
    "timestampMs" : "1488884380000",
    "latitudeE7" : 490739983,
    "longitudeE7" : 174216000,
    "accuracy" : 20,
    "altitude" : 183
  }, {
    "timestampMs" : "1488884364000",
    "latitudeE7" : 490750000,
    "longitudeE7" : 174223983,
    "accuracy" : 20,
    "altitude" : 189
  }, {
    "timestampMs" : "1488884349000",
    "latitudeE7" : 490758000,
    "longitudeE7" : 174229983,
    "accuracy" : 20,
    "altitude" : 190
  }, {
    "timestampMs" : "1488884334000",
    "latitudeE7" : 490763000,
    "longitudeE7" : 174237983,
    "accuracy" : 20,
    "altitude" : 191
  }, {
    "timestampMs" : "1488884318000",
    "latitudeE7" : 490756983,
    "longitudeE7" : 174244983,
    "accuracy" : 20,
    "altitude" : 191,
    "activitys" : [ {
      "timestampMs" : "1488891444864",
      "activities" : [ {
        "type" : "still",
        "confidence" : 100
      } ]
    }, {
      "timestampMs" : "1488891374372",
      "activities" : [ {
        "type" : "still",
        "confidence" : 100
      } ]
    }, {
      "timestampMs" : "1488891181544",
      "activities" : [ {
        "type" : "still",
        "confidence" : 100
      } ]
    }, {
      "timestampMs" : "1488891088444",
      "activities" : [ {
        "type" : "still",
        "confidence" : 100
      } ]
    } ]
  }, {
    "timestampMs" : "1488884303000",
    "latitudeE7" : 490758983,
    "longitudeE7" : 174235000,
    "accuracy" : 20,
    "altitude" : 193
  }, {
    "timestampMs" : "1488884169000",
    "latitudeE7" : 490760000,
    "longitudeE7" : 174232000,
    "accuracy" : 20,
    "altitude" : 192
  }, {
    "timestampMs" : "1488884133000",
    "latitudeE7" : 490756000,
    "longitudeE7" : 174228983,
    "accuracy" : 20,
    "altitude" : 191
  }, {
    "timestampMs" : "1488884118000",
    "latitudeE7" : 490750000,
    "longitudeE7" : 174224983,
    "accuracy" : 20,
    "altitude" : 190
  }, {
    "timestampMs" : "1488884102000",
    "latitudeE7" : 490739000,
    "longitudeE7" : 174216000,
    "accuracy" : 20,
    "altitude" : 184
  }, {
    "timestampMs" : "1488884087000",
    "latitudeE7" : 490735983,
    "longitudeE7" : 174232000,
    "accuracy" : 20,
    "altitude" : 186
  }, {
    "timestampMs" : "1488884057000",
    "latitudeE7" : 490743000,
    "longitudeE7" : 174286983,
    "accuracy" : 20,
    "altitude" : 189
  }, {
    "timestampMs" : "1488884041000",
    "latitudeE7" : 490745000,
    "longitudeE7" : 174317983,
    "accuracy" : 20,
    "altitude" : 191
  }, {
    "timestampMs" : "1488884026000",
    "latitudeE7" : 490748000,
    "longitudeE7" : 174345983,
    "accuracy" : 20,
    "altitude" : 185
  }, {
    "timestampMs" : "1488883996000",
    "latitudeE7" : 490756000,
    "longitudeE7" : 174401000,
    "accuracy" : 20,
    "altitude" : 178
  }, {
    "timestampMs" : "1488883980000",
    "latitudeE7" : 490758983,
    "longitudeE7" : 174431000,
    "accuracy" : 20,
    "altitude" : 176
  }, {
    "timestampMs" : "1488883925000",
    "latitudeE7" : 490754983,
    "longitudeE7" : 174528983,
    "accuracy" : 20,
    "altitude" : 177
  }, {
    "timestampMs" : "1488883909000",
    "latitudeE7" : 490752983,
    "longitudeE7" : 174551000,
    "accuracy" : 20,
    "altitude" : 178
  }, {
    "timestampMs" : "1488883883000",
    "latitudeE7" : 490750983,
    "longitudeE7" : 174557000,
    "accuracy" : 20,
    "altitude" : 179
  }, {
    "timestampMs" : "1488883835000",
    "latitudeE7" : 490726983,
    "longitudeE7" : 174585000,
    "accuracy" : 20,
    "altitude" : 179
  }, {
    "timestampMs" : "1488883819000",
    "latitudeE7" : 490726983,
    "longitudeE7" : 174569000,
    "accuracy" : 20,
    "altitude" : 178
  }, {
    "timestampMs" : "1488883804000",
    "latitudeE7" : 490724000,
    "longitudeE7" : 174549983,
    "accuracy" : 20,
    "altitude" : 177
  }, {
    "timestampMs" : "1488883788000",
    "latitudeE7" : 490718983,
    "longitudeE7" : 174529983,
    "accuracy" : 20,
    "altitude" : 176
  }, {
    "timestampMs" : "1488883773000",
    "latitudeE7" : 490709000,
    "longitudeE7" : 174516983,
    "accuracy" : 20,
    "altitude" : 175
  }, {
    "timestampMs" : "1488883758000",
    "latitudeE7" : 490705000,
    "longitudeE7" : 174529983,
    "accuracy" : 20,
    "altitude" : 176
  }, {
    "timestampMs" : "1488883743000",
    "latitudeE7" : 490696983,
    "longitudeE7" : 174551000,
    "accuracy" : 20,
    "altitude" : 177
  }, {
    "timestampMs" : "1488883727000",
    "latitudeE7" : 490688983,
    "longitudeE7" : 174559983,
    "accuracy" : 20,
    "altitude" : 178
  }, {
    "timestampMs" : "1488883712000",
    "latitudeE7" : 490688000,
    "longitudeE7" : 174559983,
    "accuracy" : 20,
    "altitude" : 177,
    "activitys" : [ {
      "timestampMs" : "1488890873881",
      "activities" : [ {
        "type" : "still",
        "confidence" : 100
      } ]
    }, {
      "timestampMs" : "1488890809476",
      "activities" : [ {
        "type" : "still",
        "confidence" : 100
      } ]
    } ]
  }, {
    "timestampMs" : "1488883560000",
    "latitudeE7" : 493141983,
    "longitudeE7" : 175741000,
    "accuracy" : 20,
    "altitude" : 224
  }, {
    "timestampMs" : "1488527286000",
    "latitudeE7" : 491734983,
    "longitudeE7" : 175106000,
    "accuracy" : 20,
    "altitude" : 183,
    "activitys" : [ {
      "timestampMs" : "1488536534194",
      "activities" : [ {
        "type" : "still",
        "confidence" : 100
      } ]
    }, {
      "timestampMs" : "1488536474137",
      "activities" : [ {
        "type" : "still",
        "confidence" : 100
      } ]
    }, {
      "timestampMs" : "1488536414100",
      "activities" : [ {
        "type" : "still",
        "confidence" : 100
      } ]
    }, {
      "timestampMs" : "1488536354020",
      "activities" : [ {
        "type" : "still",
        "confidence" : 100
      } ]
    }, {
      "timestampMs" : "1488536293973",
      "activities" : [ {
        "type" : "still",
        "confidence" : 100
      } ]
    }, {
      "timestampMs" : "1488536233923",
      "activities" : [ {
        "type" : "still",
        "confidence" : 100
      } ]
    }, {
      "timestampMs" : "1488536173870",
      "activities" : [ {
        "type" : "still",
        "confidence" : 100
      } ]
    }, {
      "timestampMs" : "1488536113812",
      "activities" : [ {
        "type" : "still",
        "confidence" : 100
      } ]
    }, {
      "timestampMs" : "1488536053758",
      "activities" : [ {
        "type" : "still",
        "confidence" : 100
      } ]
    }, {
      "timestampMs" : "1488535993688",
      "activities" : [ {
        "type" : "still",
        "confidence" : 100
      } ]
    }, {
      "timestampMs" : "1488535933638",
      "activities" : [ {
        "type" : "still",
        "confidence" : 100
      } ]
    }, {
      "timestampMs" : "1488535873567",
      "activities" : [ {
        "type" : "still",
        "confidence" : 100
      } ]
    }, {
      "timestampMs" : "1488535813543",
      "activities" : [ {
        "type" : "still",
        "confidence" : 100
      } ]
    }, {
      "timestampMs" : "1488535753506",
      "activities" : [ {
        "type" : "still",
        "confidence" : 100
      } ]
    }, {
      "timestampMs" : "1488535693468",
      "activities" : [ {
        "type" : "still",
        "confidence" : 100
      } ]
    }, {
      "timestampMs" : "1488535633421",
      "activities" : [ {
        "type" : "still",
        "confidence" : 100
      } ]
    }, {
      "timestampMs" : "1488535573378",
      "activities" : [ {
        "type" : "still",
        "confidence" : 100
      } ]
    }, {
      "timestampMs" : "1488535513325",
      "activities" : [ {
        "type" : "still",
        "confidence" : 100
      } ]
    }, {
      "timestampMs" : "1488535453275",
      "activities" : [ {
        "type" : "still",
        "confidence" : 100
      } ]
    }, {
      "timestampMs" : "1488535393222",
      "activities" : [ {
        "type" : "still",
        "confidence" : 100
      } ]
    }, {
      "timestampMs" : "1488535333177",
      "activities" : [ {
        "type" : "still",
        "confidence" : 100
      } ]
    }, {
      "timestampMs" : "1488535273127",
      "activities" : [ {
        "type" : "still",
        "confidence" : 100
      } ]
    }, {
      "timestampMs" : "1488535213071",
      "activities" : [ {
        "type" : "still",
        "confidence" : 100
      } ]
    }, {
      "timestampMs" : "1488535153020",
      "activities" : [ {
        "type" : "still",
        "confidence" : 100
      } ]
    }, {
      "timestampMs" : "1488535092969",
      "activities" : [ {
        "type" : "still",
        "confidence" : 100
      } ]
    }, {
      "timestampMs" : "1488535032923",
      "activities" : [ {
        "type" : "still",
        "confidence" : 100
      } ]
    }, {
      "timestampMs" : "1488534972882",
      "activities" : [ {
        "type" : "still",
        "confidence" : 100
      } ]
    }, {
      "timestampMs" : "1488534912833",
      "activities" : [ {
        "type" : "still",
        "confidence" : 100
      } ]
    }, {
      "timestampMs" : "1488534852740",
      "activities" : [ {
        "type" : "still",
        "confidence" : 100
      } ]
    }, {
      "timestampMs" : "1488534792691",
      "activities" : [ {
        "type" : "still",
        "confidence" : 100
      } ]
    }, {
      "timestampMs" : "1488534732619",
      "activities" : [ {
        "type" : "still",
        "confidence" : 100
      } ]
    }, {
      "timestampMs" : "1488534672573",
      "activities" : [ {
        "type" : "still",
        "confidence" : 100
      } ]
    }, {
      "timestampMs" : "1488534612534",
      "activities" : [ {
        "type" : "still",
        "confidence" : 100
      } ]
    }, {
      "timestampMs" : "1488534551966",
      "activities" : [ {
        "type" : "still",
        "confidence" : 100
      } ]
    }, {
      "timestampMs" : "1488534371425",
      "activities" : [ {
        "type" : "still",
        "confidence" : 100
      } ]
    }, {
      "timestampMs" : "1488534190911",
      "activities" : [ {
        "type" : "still",
        "confidence" : 100
      } ]
    } ]
  }, {
    "timestampMs" : "1488527271000",
    "latitudeE7" : 491734000,
    "longitudeE7" : 175103000,
    "accuracy" : 20,
    "altitude" : 182
  }, {
    "timestampMs" : "1488527256000",
    "latitudeE7" : 491734000,
    "longitudeE7" : 175100000,
    "accuracy" : 20,
    "altitude" : 183
  }, {
    "timestampMs" : "1488527225000",
    "latitudeE7" : 491736000,
    "longitudeE7" : 175094983,
    "accuracy" : 20,
    "altitude" : 185
  }, {
    "timestampMs" : "1488527210000",
    "latitudeE7" : 491736983,
    "longitudeE7" : 175095983,
    "accuracy" : 20,
    "altitude" : 185
  }, {
    "timestampMs" : "1488527195000",
    "latitudeE7" : 491739000,
    "longitudeE7" : 175098983,
    "accuracy" : 20,
    "altitude" : 185
  }, {
    "timestampMs" : "1488527180000",
    "latitudeE7" : 491739983,
    "longitudeE7" : 175102000,
    "accuracy" : 20,
    "altitude" : 184
  }, {
    "timestampMs" : "1488527165000",
    "latitudeE7" : 491739983,
    "longitudeE7" : 175105000,
    "accuracy" : 20,
    "altitude" : 185
  }, {
    "timestampMs" : "1488527150000",
    "latitudeE7" : 491741000,
    "longitudeE7" : 175107983,
    "accuracy" : 20,
    "altitude" : 185
  }, {
    "timestampMs" : "1488527135000",
    "latitudeE7" : 491741983,
    "longitudeE7" : 175110983,
    "accuracy" : 20,
    "altitude" : 185
  }, {
    "timestampMs" : "1488527119000",
    "latitudeE7" : 491741983,
    "longitudeE7" : 175112983,
    "accuracy" : 20,
    "altitude" : 185
  }, {
    "timestampMs" : "1488527104000",
    "latitudeE7" : 491743000,
    "longitudeE7" : 175116000,
    "accuracy" : 20,
    "altitude" : 186
  }, {
    "timestampMs" : "1488527088000",
    "latitudeE7" : 491743983,
    "longitudeE7" : 175119000,
    "accuracy" : 20,
    "altitude" : 186
  }, {
    "timestampMs" : "1488527072000",
    "latitudeE7" : 491745000,
    "longitudeE7" : 175121983,
    "accuracy" : 20,
    "altitude" : 186
  }, {
    "timestampMs" : "1488527057000",
    "latitudeE7" : 491745983,
    "longitudeE7" : 175122983,
    "accuracy" : 20,
    "altitude" : 186
  }, {
    "timestampMs" : "1488527040000",
    "latitudeE7" : 491747000,
    "longitudeE7" : 175124983,
    "accuracy" : 20,
    "altitude" : 186
  }, {
    "timestampMs" : "1488527025000",
    "latitudeE7" : 491747983,
    "longitudeE7" : 175126983,
    "accuracy" : 20,
    "altitude" : 187
  }, {
    "timestampMs" : "1488527010000",
    "latitudeE7" : 491749983,
    "longitudeE7" : 175128983,
    "accuracy" : 20,
    "altitude" : 187
  }, {
    "timestampMs" : "1488526995000",
    "latitudeE7" : 491751983,
    "longitudeE7" : 175131000,
    "accuracy" : 20,
    "altitude" : 187
  }, {
    "timestampMs" : "1488526979000",
    "latitudeE7" : 491754000,
    "longitudeE7" : 175133000,
    "accuracy" : 20,
    "altitude" : 186
  }, {
    "timestampMs" : "1488526964000",
    "latitudeE7" : 491756000,
    "longitudeE7" : 175135000,
    "accuracy" : 20,
    "altitude" : 186
  }, {
    "timestampMs" : "1488526949000",
    "latitudeE7" : 491758000,
    "longitudeE7" : 175137000,
    "accuracy" : 20,
    "altitude" : 186
  }, {
    "timestampMs" : "1488526934000",
    "latitudeE7" : 491760000,
    "longitudeE7" : 175137983,
    "accuracy" : 20,
    "altitude" : 186
  }, {
    "timestampMs" : "1488526919000",
    "latitudeE7" : 491762000,
    "longitudeE7" : 175139983,
    "accuracy" : 20,
    "altitude" : 185
  }, {
    "timestampMs" : "1488526904000",
    "latitudeE7" : 491764000,
    "longitudeE7" : 175141983,
    "accuracy" : 20,
    "altitude" : 187
  }, {
    "timestampMs" : "1488526889000",
    "latitudeE7" : 491766000,
    "longitudeE7" : 175142983,
    "accuracy" : 20,
    "altitude" : 187
  }, {
    "timestampMs" : "1488526873000",
    "latitudeE7" : 491768000,
    "longitudeE7" : 175145000,
    "accuracy" : 20,
    "altitude" : 187
  }, {
    "timestampMs" : "1488526858000",
    "latitudeE7" : 491769000,
    "longitudeE7" : 175147000,
    "accuracy" : 20,
    "altitude" : 186,
    "activitys" : [ {
      "timestampMs" : "1488533941572",
      "activities" : [ {
        "type" : "still",
        "confidence" : 100
      } ]
    }, {
      "timestampMs" : "1488533761071",
      "activities" : [ {
        "type" : "still",
        "confidence" : 100
      } ]
    }, {
      "timestampMs" : "1488533580553",
      "activities" : [ {
        "type" : "still",
        "confidence" : 100
      } ]
    }, {
      "timestampMs" : "1488533364143",
      "activities" : [ {
        "type" : "still",
        "confidence" : 100
      } ]
    } ]
  }, {
    "timestampMs" : "1488526841000",
    "latitudeE7" : 491771000,
    "longitudeE7" : 175149000,
    "accuracy" : 20,
    "altitude" : 185
  }, {
    "timestampMs" : "1488526826000",
    "latitudeE7" : 491773000,
    "longitudeE7" : 175151000,
    "accuracy" : 20,
    "altitude" : 186
  }, {
    "timestampMs" : "1488526811000",
    "latitudeE7" : 491775000,
    "longitudeE7" : 175152000,
    "accuracy" : 20,
    "altitude" : 186
  }, {
    "timestampMs" : "1488526795000",
    "latitudeE7" : 491777000,
    "longitudeE7" : 175153983,
    "accuracy" : 20,
    "altitude" : 186
  }, {
    "timestampMs" : "1488526779000",
    "latitudeE7" : 491779000,
    "longitudeE7" : 175156983,
    "accuracy" : 20,
    "altitude" : 186
  }, {
    "timestampMs" : "1488526681000",
    "latitudeE7" : 491779983,
    "longitudeE7" : 175157983,
    "accuracy" : 20,
    "altitude" : 187
  }, {
    "timestampMs" : "1488526666000",
    "latitudeE7" : 491781000,
    "longitudeE7" : 175158983,
    "accuracy" : 20,
    "altitude" : 186
  }, {
    "timestampMs" : "1488526650000",
    "latitudeE7" : 491783000,
    "longitudeE7" : 175161000,
    "accuracy" : 20,
    "altitude" : 186
  }, {
    "timestampMs" : "1488526617000",
    "latitudeE7" : 491783000,
    "longitudeE7" : 175161000,
    "accuracy" : 20,
    "altitude" : 186
  }, {
    "timestampMs" : "1488526602000",
    "latitudeE7" : 491783000,
    "longitudeE7" : 175162000,
    "accuracy" : 20,
    "altitude" : 186
  }, {
    "timestampMs" : "1488526584000",
    "latitudeE7" : 491784983,
    "longitudeE7" : 175164000,
    "accuracy" : 20,
    "altitude" : 186
  }, {
    "timestampMs" : "1488526569000",
    "latitudeE7" : 491786983,
    "longitudeE7" : 175166000,
    "accuracy" : 20,
    "altitude" : 185
  }, {
    "timestampMs" : "1488526554000",
    "latitudeE7" : 491788983,
    "longitudeE7" : 175167983,
    "accuracy" : 20,
    "altitude" : 185
  }, {
    "timestampMs" : "1488526539000",
    "latitudeE7" : 491790983,
    "longitudeE7" : 175168983,
    "accuracy" : 20,
    "altitude" : 184
  }, {
    "timestampMs" : "1488526523000",
    "latitudeE7" : 491792983,
    "longitudeE7" : 175170983,
    "accuracy" : 20,
    "altitude" : 184
  }, {
    "timestampMs" : "1488526508000",
    "latitudeE7" : 491794000,
    "longitudeE7" : 175171983,
    "accuracy" : 20,
    "altitude" : 185
  }, {
    "timestampMs" : "1488526478000",
    "latitudeE7" : 491798000,
    "longitudeE7" : 175173983,
    "accuracy" : 20,
    "altitude" : 187
  }, {
    "timestampMs" : "1488526463000",
    "latitudeE7" : 491799983,
    "longitudeE7" : 175174983,
    "accuracy" : 20,
    "altitude" : 187
  }, {
    "timestampMs" : "1488526447000",
    "latitudeE7" : 491801983,
    "longitudeE7" : 175177000,
    "accuracy" : 20,
    "altitude" : 186
  }, {
    "timestampMs" : "1488526432000",
    "latitudeE7" : 491803983,
    "longitudeE7" : 175178000,
    "accuracy" : 20,
    "altitude" : 186
  }, {
    "timestampMs" : "1488526410000",
    "latitudeE7" : 491805000,
    "longitudeE7" : 175178000,
    "accuracy" : 20,
    "altitude" : 186
  }, {
    "timestampMs" : "1488526395000",
    "latitudeE7" : 491805983,
    "longitudeE7" : 175176000,
    "accuracy" : 20,
    "altitude" : 189
  }, {
    "timestampMs" : "1488526365000",
    "latitudeE7" : 491807000,
    "longitudeE7" : 175169983,
    "accuracy" : 20,
    "altitude" : 188
  }, {
    "timestampMs" : "1488526335000",
    "latitudeE7" : 491807983,
    "longitudeE7" : 175164000,
    "accuracy" : 20,
    "altitude" : 185
  }, {
    "timestampMs" : "1488526320000",
    "latitudeE7" : 491809000,
    "longitudeE7" : 175164000,
    "accuracy" : 20,
    "altitude" : 182
  }, {
    "timestampMs" : "1488526295000",
    "latitudeE7" : 491807983,
    "longitudeE7" : 175164000,
    "accuracy" : 20,
    "altitude" : 183
  }, {
    "timestampMs" : "1488526280000",
    "latitudeE7" : 491807000,
    "longitudeE7" : 175166000,
    "accuracy" : 20,
    "altitude" : 184
  }, {
    "timestampMs" : "1488526250000",
    "latitudeE7" : 491805983,
    "longitudeE7" : 175170983,
    "accuracy" : 20,
    "altitude" : 185
  }, {
    "timestampMs" : "1488526235000",
    "latitudeE7" : 491805983,
    "longitudeE7" : 175172983,
    "accuracy" : 20,
    "altitude" : 186
  }, {
    "timestampMs" : "1488526219000",
    "latitudeE7" : 491805983,
    "longitudeE7" : 175173983,
    "accuracy" : 20,
    "altitude" : 186
  }, {
    "timestampMs" : "1488526189000",
    "latitudeE7" : 491803983,
    "longitudeE7" : 175178000,
    "accuracy" : 20,
    "altitude" : 184
  }, {
    "timestampMs" : "1488526174000",
    "latitudeE7" : 491801983,
    "longitudeE7" : 175176000,
    "accuracy" : 20,
    "altitude" : 183
  }, {
    "timestampMs" : "1488526154000",
    "latitudeE7" : 491801000,
    "longitudeE7" : 175176000,
    "accuracy" : 20,
    "altitude" : 183
  }, {
    "timestampMs" : "1488526058000",
    "latitudeE7" : 491788983,
    "longitudeE7" : 175167983,
    "accuracy" : 20,
    "altitude" : 184
  }, {
    "timestampMs" : "1488526043000",
    "latitudeE7" : 491786983,
    "longitudeE7" : 175166000,
    "accuracy" : 20,
    "altitude" : 184
  }, {
    "timestampMs" : "1488526027000",
    "latitudeE7" : 491784983,
    "longitudeE7" : 175165000,
    "accuracy" : 20,
    "altitude" : 179,
    "activitys" : [ {
      "timestampMs" : "1488533200761",
      "activities" : [ {
        "type" : "still",
        "confidence" : 100
      } ]
    }, {
      "timestampMs" : "1488533140728",
      "activities" : [ {
        "type" : "still",
        "confidence" : 100
      } ]
    }, {
      "timestampMs" : "1488533080649",
      "activities" : [ {
        "type" : "still",
        "confidence" : 100
      } ]
    }, {
      "timestampMs" : "1488532998816",
      "activities" : [ {
        "type" : "still",
        "confidence" : 100
      } ]
    } ]
  }, {
    "timestampMs" : "1488525750000",
    "latitudeE7" : 491775000,
    "longitudeE7" : 175174983,
    "accuracy" : 20,
    "altitude" : 191
  }, {
    "timestampMs" : "1488298175000",
    "latitudeE7" : 491775983,
    "longitudeE7" : 175176000,
    "accuracy" : 20,
    "altitude" : 191,
    "activitys" : [ {
      "timestampMs" : "1488302548492",
      "activities" : [ {
        "type" : "still",
        "confidence" : 100
      } ]
    }, {
      "timestampMs" : "1488302403470",
      "activities" : [ {
        "type" : "still",
        "confidence" : 100
      } ]
    }, {
      "timestampMs" : "1488302342911",
      "activities" : [ {
        "type" : "still",
        "confidence" : 100
      } ]
    }, {
      "timestampMs" : "1488302282871",
      "activities" : [ {
        "type" : "still",
        "confidence" : 100
      } ]
    }, {
      "timestampMs" : "1488302222828",
      "activities" : [ {
        "type" : "still",
        "confidence" : 100
      } ]
    }, {
      "timestampMs" : "1488302162787",
      "activities" : [ {
        "type" : "still",
        "confidence" : 100
      } ]
    }, {
      "timestampMs" : "1488302102766",
      "activities" : [ {
        "type" : "still",
        "confidence" : 100
      } ]
    }, {
      "timestampMs" : "1488302042706",
      "activities" : [ {
        "type" : "still",
        "confidence" : 100
      } ]
    }, {
      "timestampMs" : "1488301982644",
      "activities" : [ {
        "type" : "still",
        "confidence" : 100
      } ]
    }, {
      "timestampMs" : "1488301922075",
      "activities" : [ {
        "type" : "still",
        "confidence" : 100
      } ]
    }, {
      "timestampMs" : "1488301682051",
      "activities" : [ {
        "type" : "still",
        "confidence" : 100
      } ]
    } ]
  }, {
    "timestampMs" : "1488298160000",
    "latitudeE7" : 491777000,
    "longitudeE7" : 175173983,
    "accuracy" : 20,
    "altitude" : 190
  }, {
    "timestampMs" : "1488298130000",
    "latitudeE7" : 491779000,
    "longitudeE7" : 175168983,
    "accuracy" : 20,
    "altitude" : 188
  }, {
    "timestampMs" : "1488298100000",
    "latitudeE7" : 491781000,
    "longitudeE7" : 175166000,
    "accuracy" : 20,
    "altitude" : 187
  }, {
    "timestampMs" : "1488298070000",
    "latitudeE7" : 491781983,
    "longitudeE7" : 175164000,
    "accuracy" : 20,
    "altitude" : 186
  }, {
    "timestampMs" : "1488298029000",
    "latitudeE7" : 491781983,
    "longitudeE7" : 175164000,
    "accuracy" : 20,
    "altitude" : 185
  }, {
    "timestampMs" : "1488298013000",
    "latitudeE7" : 491783000,
    "longitudeE7" : 175162000,
    "accuracy" : 20,
    "altitude" : 184
  }, {
    "timestampMs" : "1488297998000",
    "latitudeE7" : 491784000,
    "longitudeE7" : 175164000,
    "accuracy" : 20,
    "altitude" : 184
  }, {
    "timestampMs" : "1488297983000",
    "latitudeE7" : 491786000,
    "longitudeE7" : 175166000,
    "accuracy" : 20,
    "altitude" : 185
  }, {
    "timestampMs" : "1488297967000",
    "latitudeE7" : 491788000,
    "longitudeE7" : 175167000,
    "accuracy" : 20,
    "altitude" : 186
  }, {
    "timestampMs" : "1488297952000",
    "latitudeE7" : 491790000,
    "longitudeE7" : 175168983,
    "accuracy" : 20,
    "altitude" : 185,
    "activitys" : [ {
      "timestampMs" : "1488301501530",
      "activities" : [ {
        "type" : "still",
        "confidence" : 100
      } ]
    }, {
      "timestampMs" : "1488301321017",
      "activities" : [ {
        "type" : "still",
        "confidence" : 100
      } ]
    }, {
      "timestampMs" : "1488301140506",
      "activities" : [ {
        "type" : "still",
        "confidence" : 100
      } ]
    } ]
  }, {
    "timestampMs" : "1488297936000",
    "latitudeE7" : 491792000,
    "longitudeE7" : 175169983,
    "accuracy" : 20,
    "altitude" : 184
  }, {
    "timestampMs" : "1488297921000",
    "latitudeE7" : 491794000,
    "longitudeE7" : 175171983,
    "accuracy" : 20,
    "altitude" : 183
  }, {
    "timestampMs" : "1488297906000",
    "latitudeE7" : 491796000,
    "longitudeE7" : 175172983,
    "accuracy" : 20,
    "altitude" : 184
  }, {
    "timestampMs" : "1488297891000",
    "latitudeE7" : 491798000,
    "longitudeE7" : 175173983,
    "accuracy" : 20,
    "altitude" : 184
  }, {
    "timestampMs" : "1488297861000",
    "latitudeE7" : 491801000,
    "longitudeE7" : 175176000,
    "accuracy" : 20,
    "altitude" : 185
  }, {
    "timestampMs" : "1488297846000",
    "latitudeE7" : 491803000,
    "longitudeE7" : 175177000,
    "accuracy" : 20,
    "altitude" : 185
  }, {
    "timestampMs" : "1488297830000",
    "latitudeE7" : 491805000,
    "longitudeE7" : 175178000,
    "accuracy" : 20,
    "altitude" : 186
  }, {
    "timestampMs" : "1488297815000",
    "latitudeE7" : 491807983,
    "longitudeE7" : 175178000,
    "accuracy" : 20,
    "altitude" : 185
  }, {
    "timestampMs" : "1488297800000",
    "latitudeE7" : 491809983,
    "longitudeE7" : 175178000,
    "accuracy" : 20,
    "altitude" : 185
  }, {
    "timestampMs" : "1488297785000",
    "latitudeE7" : 491811983,
    "longitudeE7" : 175178000,
    "accuracy" : 20,
    "altitude" : 184
  }, {
    "timestampMs" : "1488297770000",
    "latitudeE7" : 491813983,
    "longitudeE7" : 175178000,
    "accuracy" : 20,
    "altitude" : 184
  }, {
    "timestampMs" : "1488297755000",
    "latitudeE7" : 491816000,
    "longitudeE7" : 175178000,
    "accuracy" : 20,
    "altitude" : 184
  }, {
    "timestampMs" : "1488297740000",
    "latitudeE7" : 491818000,
    "longitudeE7" : 175178000,
    "accuracy" : 20,
    "altitude" : 184
  }, {
    "timestampMs" : "1488297724000",
    "latitudeE7" : 491820000,
    "longitudeE7" : 175178000,
    "accuracy" : 20,
    "altitude" : 184
  }, {
    "timestampMs" : "1488297709000",
    "latitudeE7" : 491822000,
    "longitudeE7" : 175177000,
    "accuracy" : 20,
    "altitude" : 185
  }, {
    "timestampMs" : "1488297680000",
    "latitudeE7" : 491822983,
    "longitudeE7" : 175177000,
    "accuracy" : 20,
    "altitude" : 185
  }, {
    "timestampMs" : "1488297650000",
    "latitudeE7" : 491826983,
    "longitudeE7" : 175176000,
    "accuracy" : 20,
    "altitude" : 185
  }, {
    "timestampMs" : "1488297634000",
    "latitudeE7" : 491828983,
    "longitudeE7" : 175174983,
    "accuracy" : 20,
    "altitude" : 185
  }, {
    "timestampMs" : "1488297604000",
    "latitudeE7" : 491833000,
    "longitudeE7" : 175172983,
    "accuracy" : 20,
    "altitude" : 185
  }, {
    "timestampMs" : "1488297589000",
    "latitudeE7" : 491835000,
    "longitudeE7" : 175171983,
    "accuracy" : 20,
    "altitude" : 185
  }, {
    "timestampMs" : "1488297574000",
    "latitudeE7" : 491835983,
    "longitudeE7" : 175170983,
    "accuracy" : 20,
    "altitude" : 185
  }, {
    "timestampMs" : "1488297559000",
    "latitudeE7" : 491837983,
    "longitudeE7" : 175169983,
    "accuracy" : 20,
    "altitude" : 185
  }, {
    "timestampMs" : "1488297543000",
    "latitudeE7" : 491839983,
    "longitudeE7" : 175168983,
    "accuracy" : 20,
    "altitude" : 185
  }, {
    "timestampMs" : "1488297527000",
    "latitudeE7" : 491841983,
    "longitudeE7" : 175167983,
    "accuracy" : 20,
    "altitude" : 185
  }, {
    "timestampMs" : "1488297512000",
    "latitudeE7" : 491843983,
    "longitudeE7" : 175167000,
    "accuracy" : 20,
    "altitude" : 185
  }, {
    "timestampMs" : "1488297497000",
    "latitudeE7" : 491844983,
    "longitudeE7" : 175166000,
    "accuracy" : 20,
    "altitude" : 184
  }, {
    "timestampMs" : "1488297481000",
    "latitudeE7" : 491848000,
    "longitudeE7" : 175165000,
    "accuracy" : 20,
    "altitude" : 185
  }, {
    "timestampMs" : "1488297466000",
    "latitudeE7" : 491848983,
    "longitudeE7" : 175163000,
    "accuracy" : 20,
    "altitude" : 184
  }, {
    "timestampMs" : "1488297451000",
    "latitudeE7" : 491850983,
    "longitudeE7" : 175162000,
    "accuracy" : 20,
    "altitude" : 183
  }, {
    "timestampMs" : "1488297435000",
    "latitudeE7" : 491852983,
    "longitudeE7" : 175161000,
    "accuracy" : 20,
    "altitude" : 184
  }, {
    "timestampMs" : "1488297420000",
    "latitudeE7" : 491854983,
    "longitudeE7" : 175159983,
    "accuracy" : 20,
    "altitude" : 183
  }, {
    "timestampMs" : "1488297405000",
    "latitudeE7" : 491856983,
    "longitudeE7" : 175158983,
    "accuracy" : 20,
    "altitude" : 184
  }, {
    "timestampMs" : "1488297389000",
    "latitudeE7" : 491858983,
    "longitudeE7" : 175156983,
    "accuracy" : 20,
    "altitude" : 184
  }, {
    "timestampMs" : "1488297374000",
    "latitudeE7" : 491861000,
    "longitudeE7" : 175155983,
    "accuracy" : 20,
    "altitude" : 183
  }, {
    "timestampMs" : "1488297359000",
    "latitudeE7" : 491863000,
    "longitudeE7" : 175154983,
    "accuracy" : 20,
    "altitude" : 184
  }, {
    "timestampMs" : "1488297344000",
    "latitudeE7" : 491865000,
    "longitudeE7" : 175153983,
    "accuracy" : 20,
    "altitude" : 184,
    "activitys" : [ {
      "timestampMs" : "1488300935865",
      "activities" : [ {
        "type" : "still",
        "confidence" : 100
      } ]
    }, {
      "timestampMs" : "1488300755354",
      "activities" : [ {
        "type" : "still",
        "confidence" : 100
      } ]
    }, {
      "timestampMs" : "1488300574842",
      "activities" : [ {
        "type" : "still",
        "confidence" : 100
      } ]
    }, {
      "timestampMs" : "1488300394330",
      "activities" : [ {
        "type" : "still",
        "confidence" : 100
      } ]
    } ]
  }, {
    "timestampMs" : "1488297328000",
    "latitudeE7" : 491867000,
    "longitudeE7" : 175152000,
    "accuracy" : 20,
    "altitude" : 184
  }, {
    "timestampMs" : "1488297313000",
    "latitudeE7" : 491869000,
    "longitudeE7" : 175151000,
    "accuracy" : 20,
    "altitude" : 184
  }, {
    "timestampMs" : "1488297298000",
    "latitudeE7" : 491871000,
    "longitudeE7" : 175150000,
    "accuracy" : 20,
    "altitude" : 184
  }, {
    "timestampMs" : "1488297283000",
    "latitudeE7" : 491873000,
    "longitudeE7" : 175149000,
    "accuracy" : 20,
    "altitude" : 184
  }, {
    "timestampMs" : "1488297268000",
    "latitudeE7" : 491875000,
    "longitudeE7" : 175147000,
    "accuracy" : 20,
    "altitude" : 183
  }, {
    "timestampMs" : "1488297252000",
    "latitudeE7" : 491876983,
    "longitudeE7" : 175146000,
    "accuracy" : 20,
    "altitude" : 183
  }, {
    "timestampMs" : "1488297237000",
    "latitudeE7" : 491878983,
    "longitudeE7" : 175145000,
    "accuracy" : 20,
    "altitude" : 184
  }, {
    "timestampMs" : "1488297221000",
    "latitudeE7" : 491880983,
    "longitudeE7" : 175142983,
    "accuracy" : 20,
    "altitude" : 184
  }, {
    "timestampMs" : "1488297206000",
    "latitudeE7" : 491882983,
    "longitudeE7" : 175141983,
    "accuracy" : 20,
    "altitude" : 183
  }, {
    "timestampMs" : "1488297191000",
    "latitudeE7" : 491884983,
    "longitudeE7" : 175141983,
    "accuracy" : 20,
    "altitude" : 184
  }, {
    "timestampMs" : "1488297176000",
    "latitudeE7" : 491886983,
    "longitudeE7" : 175140983,
    "accuracy" : 20,
    "altitude" : 184
  }, {
    "timestampMs" : "1488297161000",
    "latitudeE7" : 491888983,
    "longitudeE7" : 175139983,
    "accuracy" : 20,
    "altitude" : 184
  }, {
    "timestampMs" : "1488297145000",
    "latitudeE7" : 491891000,
    "longitudeE7" : 175137983,
    "accuracy" : 20,
    "altitude" : 184
  }, {
    "timestampMs" : "1488297129000",
    "latitudeE7" : 491893000,
    "longitudeE7" : 175137000,
    "accuracy" : 20,
    "altitude" : 186
  }, {
    "timestampMs" : "1488297114000",
    "latitudeE7" : 491895000,
    "longitudeE7" : 175136000,
    "accuracy" : 20,
    "altitude" : 186
  }, {
    "timestampMs" : "1488297099000",
    "latitudeE7" : 491897000,
    "longitudeE7" : 175135000,
    "accuracy" : 20,
    "altitude" : 186
  }, {
    "timestampMs" : "1488297083000",
    "latitudeE7" : 491895983,
    "longitudeE7" : 175137000,
    "accuracy" : 20,
    "altitude" : 188
  }, {
    "timestampMs" : "1488297068000",
    "latitudeE7" : 491895000,
    "longitudeE7" : 175139983,
    "accuracy" : 20,
    "altitude" : 190
  }, {
    "timestampMs" : "1488297053000",
    "latitudeE7" : 491895983,
    "longitudeE7" : 175141983,
    "accuracy" : 20,
    "altitude" : 187
  }, {
    "timestampMs" : "1488297037000",
    "latitudeE7" : 491897983,
    "longitudeE7" : 175143983,
    "accuracy" : 20,
    "altitude" : 187
  }, {
    "timestampMs" : "1488297022000",
    "latitudeE7" : 491899000,
    "longitudeE7" : 175146000,
    "accuracy" : 20,
    "altitude" : 187
  }, {
    "timestampMs" : "1488297007000",
    "latitudeE7" : 491901000,
    "longitudeE7" : 175148000,
    "accuracy" : 20,
    "altitude" : 186
  }, {
    "timestampMs" : "1488296977000",
    "latitudeE7" : 491901983,
    "longitudeE7" : 175153983,
    "accuracy" : 20,
    "altitude" : 186
  }, {
    "timestampMs" : "1488296947000",
    "latitudeE7" : 491901983,
    "longitudeE7" : 175159983,
    "accuracy" : 20,
    "altitude" : 186
  }, {
    "timestampMs" : "1488296917000",
    "latitudeE7" : 491903000,
    "longitudeE7" : 175166000,
    "accuracy" : 20,
    "altitude" : 187
  }, {
    "timestampMs" : "1488296902000",
    "latitudeE7" : 491903000,
    "longitudeE7" : 175168983,
    "accuracy" : 20,
    "altitude" : 187
  }, {
    "timestampMs" : "1488296887000",
    "latitudeE7" : 491903983,
    "longitudeE7" : 175171983,
    "accuracy" : 20,
    "altitude" : 186
  }, {
    "timestampMs" : "1488296872000",
    "latitudeE7" : 491905000,
    "longitudeE7" : 175174983,
    "accuracy" : 20,
    "altitude" : 187
  }, {
    "timestampMs" : "1488296856000",
    "latitudeE7" : 491906000,
    "longitudeE7" : 175178000,
    "accuracy" : 20,
    "altitude" : 187
  }, {
    "timestampMs" : "1488296841000",
    "latitudeE7" : 491906000,
    "longitudeE7" : 175180000,
    "accuracy" : 20,
    "altitude" : 187
  }, {
    "timestampMs" : "1488296826000",
    "latitudeE7" : 491906983,
    "longitudeE7" : 175182983,
    "accuracy" : 20,
    "altitude" : 187
  }, {
    "timestampMs" : "1488296811000",
    "latitudeE7" : 491908000,
    "longitudeE7" : 175185983,
    "accuracy" : 20,
    "altitude" : 187
  }, {
    "timestampMs" : "1488296796000",
    "latitudeE7" : 491908000,
    "longitudeE7" : 175188983,
    "accuracy" : 20,
    "altitude" : 189
  }, {
    "timestampMs" : "1488296781000",
    "latitudeE7" : 491910000,
    "longitudeE7" : 175192000,
    "accuracy" : 20,
    "altitude" : 190
  }, {
    "timestampMs" : "1488296766000",
    "latitudeE7" : 491910983,
    "longitudeE7" : 175194000,
    "accuracy" : 20,
    "altitude" : 189
  }, {
    "timestampMs" : "1488296751000",
    "latitudeE7" : 491912000,
    "longitudeE7" : 175197000,
    "accuracy" : 20,
    "altitude" : 192
  }, {
    "timestampMs" : "1488296736000",
    "latitudeE7" : 491912983,
    "longitudeE7" : 175198000,
    "accuracy" : 20,
    "altitude" : 192,
    "activitys" : [ {
      "timestampMs" : "1488300213815",
      "activities" : [ {
        "type" : "still",
        "confidence" : 100
      } ]
    }, {
      "timestampMs" : "1488300033305",
      "activities" : [ {
        "type" : "still",
        "confidence" : 100
      } ]
    }, {
      "timestampMs" : "1488299880530",
      "activities" : [ {
        "type" : "still",
        "confidence" : 100
      } ]
    } ]
  }, {
    "timestampMs" : "1488296715000",
    "latitudeE7" : 491912983,
    "longitudeE7" : 175199983,
    "accuracy" : 20,
    "altitude" : 193
  }, {
    "timestampMs" : "1488296684000",
    "latitudeE7" : 491914983,
    "longitudeE7" : 175204983,
    "accuracy" : 20,
    "altitude" : 194
  }, {
    "timestampMs" : "1488296669000",
    "latitudeE7" : 491916000,
    "longitudeE7" : 175207000,
    "accuracy" : 20,
    "altitude" : 194
  }, {
    "timestampMs" : "1488296641000",
    "latitudeE7" : 491916000,
    "longitudeE7" : 175207000,
    "accuracy" : 20,
    "altitude" : 196
  }, {
    "timestampMs" : "1488296611000",
    "latitudeE7" : 491916983,
    "longitudeE7" : 175211000,
    "accuracy" : 20,
    "altitude" : 197
  }, {
    "timestampMs" : "1488296596000",
    "latitudeE7" : 491918000,
    "longitudeE7" : 175213983,
    "accuracy" : 20,
    "altitude" : 197
  }, {
    "timestampMs" : "1488296580000",
    "latitudeE7" : 491918000,
    "longitudeE7" : 175216983,
    "accuracy" : 20,
    "altitude" : 198
  }, {
    "timestampMs" : "1488296550000",
    "latitudeE7" : 491918983,
    "longitudeE7" : 175223000,
    "accuracy" : 20,
    "altitude" : 196
  }, {
    "timestampMs" : "1488296535000",
    "latitudeE7" : 491920000,
    "longitudeE7" : 175226000,
    "accuracy" : 20,
    "altitude" : 196
  }, {
    "timestampMs" : "1488296520000",
    "latitudeE7" : 491921000,
    "longitudeE7" : 175228983,
    "accuracy" : 20,
    "altitude" : 195
  }, {
    "timestampMs" : "1488296505000",
    "latitudeE7" : 491921983,
    "longitudeE7" : 175231983,
    "accuracy" : 20,
    "altitude" : 194
  }, {
    "timestampMs" : "1488296490000",
    "latitudeE7" : 491921983,
    "longitudeE7" : 175233983,
    "accuracy" : 20,
    "altitude" : 194
  }, {
    "timestampMs" : "1488296475000",
    "latitudeE7" : 491923000,
    "longitudeE7" : 175237000,
    "accuracy" : 20,
    "altitude" : 194
  }, {
    "timestampMs" : "1488296459000",
    "latitudeE7" : 491923983,
    "longitudeE7" : 175240000,
    "accuracy" : 20,
    "altitude" : 193
  }, {
    "timestampMs" : "1488296442000",
    "latitudeE7" : 491923983,
    "longitudeE7" : 175241000,
    "accuracy" : 20,
    "altitude" : 193
  }, {
    "timestampMs" : "1488296359000",
    "latitudeE7" : 491929983,
    "longitudeE7" : 175256000,
    "accuracy" : 20,
    "altitude" : 191
  }, {
    "timestampMs" : "1488296344000",
    "latitudeE7" : 491931000,
    "longitudeE7" : 175259000,
    "accuracy" : 20,
    "altitude" : 190
  }, {
    "timestampMs" : "1488296329000",
    "latitudeE7" : 491931983,
    "longitudeE7" : 175260983,
    "accuracy" : 20,
    "altitude" : 190
  }, {
    "timestampMs" : "1488296299000",
    "latitudeE7" : 491935000,
    "longitudeE7" : 175265983,
    "accuracy" : 20,
    "altitude" : 188
  }, {
    "timestampMs" : "1488296283000",
    "latitudeE7" : 491936000,
    "longitudeE7" : 175269000,
    "accuracy" : 20,
    "altitude" : 189
  }, {
    "timestampMs" : "1488296268000",
    "latitudeE7" : 491938000,
    "longitudeE7" : 175272000,
    "accuracy" : 20,
    "altitude" : 188
  }, {
    "timestampMs" : "1488296253000",
    "latitudeE7" : 491938983,
    "longitudeE7" : 175274000,
    "accuracy" : 20,
    "altitude" : 188
  }, {
    "timestampMs" : "1488296238000",
    "latitudeE7" : 491940983,
    "longitudeE7" : 175275983,
    "accuracy" : 20,
    "altitude" : 189
  }, {
    "timestampMs" : "1488296223000",
    "latitudeE7" : 491942000,
    "longitudeE7" : 175278983,
    "accuracy" : 20,
    "altitude" : 188
  }, {
    "timestampMs" : "1488296208000",
    "latitudeE7" : 491944000,
    "longitudeE7" : 175280983,
    "accuracy" : 20,
    "altitude" : 188
  }, {
    "timestampMs" : "1488296193000",
    "latitudeE7" : 491944000,
    "longitudeE7" : 175280983,
    "accuracy" : 20,
    "altitude" : 187
  }, {
    "timestampMs" : "1488296178000",
    "latitudeE7" : 491946000,
    "longitudeE7" : 175283000,
    "accuracy" : 20,
    "altitude" : 187
  }, {
    "timestampMs" : "1488296162000",
    "latitudeE7" : 491946983,
    "longitudeE7" : 175285000,
    "accuracy" : 20,
    "altitude" : 187
  }, {
    "timestampMs" : "1488296146000",
    "latitudeE7" : 491948983,
    "longitudeE7" : 175285000,
    "accuracy" : 20,
    "altitude" : 188
  }, {
    "timestampMs" : "1488296131000",
    "latitudeE7" : 491950983,
    "longitudeE7" : 175288000,
    "accuracy" : 20,
    "altitude" : 189
  }, {
    "timestampMs" : "1488296116000",
    "latitudeE7" : 491951983,
    "longitudeE7" : 175289983,
    "accuracy" : 20,
    "altitude" : 190,
    "activitys" : [ {
      "timestampMs" : "1488299658159",
      "activities" : [ {
        "type" : "still",
        "confidence" : 100
      } ]
    }, {
      "timestampMs" : "1488299598080",
      "activities" : [ {
        "type" : "still",
        "confidence" : 100
      } ]
    }, {
      "timestampMs" : "1488299538059",
      "activities" : [ {
        "type" : "still",
        "confidence" : 100
      } ]
    }, {
      "timestampMs" : "1488299478012",
      "activities" : [ {
        "type" : "still",
        "confidence" : 100
      } ]
    }, {
      "timestampMs" : "1488299417968",
      "activities" : [ {
        "type" : "still",
        "confidence" : 100
      } ]
    }, {
      "timestampMs" : "1488299357923",
      "activities" : [ {
        "type" : "still",
        "confidence" : 100
      } ]
    }, {
      "timestampMs" : "1488299297903",
      "activities" : [ {
        "type" : "still",
        "confidence" : 100
      } ]
    }, {
      "timestampMs" : "1488299237839",
      "activities" : [ {
        "type" : "still",
        "confidence" : 100
      } ]
    }, {
      "timestampMs" : "1488299177800",
      "activities" : [ {
        "type" : "still",
        "confidence" : 100
      } ]
    }, {
      "timestampMs" : "1488299117757",
      "activities" : [ {
        "type" : "still",
        "confidence" : 100
      } ]
    }, {
      "timestampMs" : "1488299057717",
      "activities" : [ {
        "type" : "still",
        "confidence" : 100
      } ]
    }, {
      "timestampMs" : "1488298997668",
      "activities" : [ {
        "type" : "still",
        "confidence" : 100
      } ]
    }, {
      "timestampMs" : "1488298937621",
      "activities" : [ {
        "type" : "still",
        "confidence" : 100
      } ]
    }, {
      "timestampMs" : "1488298877522",
      "activities" : [ {
        "type" : "still",
        "confidence" : 100
      } ]
    }, {
      "timestampMs" : "1488298817478",
      "activities" : [ {
        "type" : "still",
        "confidence" : 100
      } ]
    }, {
      "timestampMs" : "1488298757431",
      "activities" : [ {
        "type" : "still",
        "confidence" : 100
      } ]
    }, {
      "timestampMs" : "1488298697380",
      "activities" : [ {
        "type" : "still",
        "confidence" : 100
      } ]
    }, {
      "timestampMs" : "1488298637339",
      "activities" : [ {
        "type" : "still",
        "confidence" : 100
      } ]
    }, {
      "timestampMs" : "1488298577313",
      "activities" : [ {
        "type" : "still",
        "confidence" : 100
      } ]
    }, {
      "timestampMs" : "1488298517270",
      "activities" : [ {
        "type" : "still",
        "confidence" : 100
      } ]
    }, {
      "timestampMs" : "1488298457186",
      "activities" : [ {
        "type" : "still",
        "confidence" : 100
      } ]
    }, {
      "timestampMs" : "1488298397148",
      "activities" : [ {
        "type" : "still",
        "confidence" : 100
      } ]
    }, {
      "timestampMs" : "1488298337109",
      "activities" : [ {
        "type" : "still",
        "confidence" : 100
      } ]
    }, {
      "timestampMs" : "1488298277062",
      "activities" : [ {
        "type" : "still",
        "confidence" : 100
      } ]
    }, {
      "timestampMs" : "1488298099788",
      "activities" : [ {
        "type" : "still",
        "confidence" : 100
      } ]
    }, {
      "timestampMs" : "1488297944975",
      "activities" : [ {
        "type" : "still",
        "confidence" : 100
      } ]
    }, {
      "timestampMs" : "1488297777316",
      "activities" : [ {
        "type" : "still",
        "confidence" : 100
      } ]
    }, {
      "timestampMs" : "1488297570585",
      "activities" : [ {
        "type" : "still",
        "confidence" : 100
      } ]
    }, {
      "timestampMs" : "1488297510536",
      "activities" : [ {
        "type" : "still",
        "confidence" : 100
      } ]
    }, {
      "timestampMs" : "1488297449961",
      "activities" : [ {
        "type" : "still",
        "confidence" : 100
      } ]
    } ]
  }, {
    "timestampMs" : "1488293391000",
    "latitudeE7" : 446580000,
    "longitudeE7" : -636281983,
    "accuracy" : 20,
    "altitude" : -4,
    "activitys" : [ {
      "timestampMs" : "1488297361148",
      "activities" : [ {
        "type" : "still",
        "confidence" : 100
      } ]
    }, {
      "timestampMs" : "1488297301116",
      "activities" : [ {
        "type" : "still",
        "confidence" : 100
      } ]
    }, {
      "timestampMs" : "1488297241086",
      "activities" : [ {
        "type" : "still",
        "confidence" : 100
      } ]
    }, {
      "timestampMs" : "1488297181052",
      "activities" : [ {
        "type" : "still",
        "confidence" : 100
      } ]
    }, {
      "timestampMs" : "1488297120509",
      "activities" : [ {
        "type" : "still",
        "confidence" : 100
      } ]
    }, {
      "timestampMs" : "1488296901302",
      "activities" : [ {
        "type" : "still",
        "confidence" : 100
      } ]
    }, {
      "timestampMs" : "1488296720791",
      "activities" : [ {
        "type" : "still",
        "confidence" : 100
      } ]
    }, {
      "timestampMs" : "1488296700554",
      "activities" : [ {
        "type" : "still",
        "confidence" : 100
      } ]
    }, {
      "timestampMs" : "1488296589823",
      "activities" : [ {
        "type" : "tilting",
        "confidence" : 100
      } ]
    } ]
  }, {
    "timestampMs" : "1488293375000",
    "latitudeE7" : 446580000,
    "longitudeE7" : -636278983,
    "accuracy" : 20,
    "altitude" : -9
  }, {
    "timestampMs" : "1488293360000",
    "latitudeE7" : 446574000,
    "longitudeE7" : -636281000,
    "accuracy" : 20,
    "altitude" : -10
  }, {
    "timestampMs" : "1488293330000",
    "latitudeE7" : 446561000,
    "longitudeE7" : -636276983,
    "accuracy" : 20,
    "altitude" : -6
  }, {
    "timestampMs" : "1488293315000",
    "latitudeE7" : 446546983,
    "longitudeE7" : -636280000,
    "accuracy" : 20,
    "altitude" : -5
  }, {
    "timestampMs" : "1488293285000",
    "latitudeE7" : 446537000,
    "longitudeE7" : -636257983,
    "accuracy" : 20,
    "altitude" : -1
  }, {
    "timestampMs" : "1488293270000",
    "latitudeE7" : 446531983,
    "longitudeE7" : -636233000,
    "accuracy" : 20,
    "altitude" : 0
  }, {
    "timestampMs" : "1488293255000",
    "latitudeE7" : 446525983,
    "longitudeE7" : -636210983,
    "accuracy" : 20,
    "altitude" : 1
  }, {
    "timestampMs" : "1488293240000",
    "latitudeE7" : 446520000,
    "longitudeE7" : -636186000,
    "accuracy" : 20,
    "altitude" : 9
  }, {
    "timestampMs" : "1488293225000",
    "latitudeE7" : 446518000,
    "longitudeE7" : -636161983,
    "accuracy" : 20,
    "altitude" : 12
  }, {
    "timestampMs" : "1488293210000",
    "latitudeE7" : 446522000,
    "longitudeE7" : -636148000,
    "accuracy" : 20,
    "altitude" : 10
  }, {
    "timestampMs" : "1488293195000",
    "latitudeE7" : 446518983,
    "longitudeE7" : -636144983,
    "accuracy" : 20,
    "altitude" : 11
  }, {
    "timestampMs" : "1488293180000",
    "latitudeE7" : 446507983,
    "longitudeE7" : -636129000,
    "accuracy" : 20,
    "altitude" : 13
  }, {
    "timestampMs" : "1488293165000",
    "latitudeE7" : 446495000,
    "longitudeE7" : -636109983,
    "accuracy" : 20,
    "altitude" : 21
  }, {
    "timestampMs" : "1488293150000",
    "latitudeE7" : 446484983,
    "longitudeE7" : -636094000,
    "accuracy" : 20,
    "altitude" : 24
  }, {
    "timestampMs" : "1488293135000",
    "latitudeE7" : 446473000,
    "longitudeE7" : -636075983,
    "accuracy" : 20,
    "altitude" : 26
  }, {
    "timestampMs" : "1488293120000",
    "latitudeE7" : 446458000,
    "longitudeE7" : -636064000,
    "accuracy" : 20,
    "altitude" : 24
  }, {
    "timestampMs" : "1488293115000",
    "latitudeE7" : 446452000,
    "longitudeE7" : -636060983,
    "accuracy" : 20,
    "altitude" : 21
  }, {
    "timestampMs" : "1488293100000",
    "latitudeE7" : 446435983,
    "longitudeE7" : -636049000,
    "accuracy" : 20,
    "altitude" : 19
  }, {
    "timestampMs" : "1488293085000",
    "latitudeE7" : 446418983,
    "longitudeE7" : -636037983,
    "accuracy" : 20,
    "altitude" : 13
  }, {
    "timestampMs" : "1488293070000",
    "latitudeE7" : 446405983,
    "longitudeE7" : -636022000,
    "accuracy" : 20,
    "altitude" : 8
  }, {
    "timestampMs" : "1488293040000",
    "latitudeE7" : 446407983,
    "longitudeE7" : -635987000,
    "accuracy" : 20,
    "altitude" : 15
  }, {
    "timestampMs" : "1488293025000",
    "latitudeE7" : 446407983,
    "longitudeE7" : -635983983,
    "accuracy" : 20,
    "altitude" : 17
  }, {
    "timestampMs" : "1488293010000",
    "latitudeE7" : 446402000,
    "longitudeE7" : -635979983,
    "accuracy" : 20,
    "altitude" : 16
  }, {
    "timestampMs" : "1488292995000",
    "latitudeE7" : 446385983,
    "longitudeE7" : -635970983,
    "accuracy" : 20,
    "altitude" : 15
  }, {
    "timestampMs" : "1488292980000",
    "latitudeE7" : 446375000,
    "longitudeE7" : -635966983,
    "accuracy" : 20,
    "altitude" : 15
  }, {
    "timestampMs" : "1488292965000",
    "latitudeE7" : 446368000,
    "longitudeE7" : -635962983,
    "accuracy" : 20,
    "altitude" : 17
  }, {
    "timestampMs" : "1488292950000",
    "latitudeE7" : 446353000,
    "longitudeE7" : -635957000,
    "accuracy" : 20,
    "altitude" : 20
  }, {
    "timestampMs" : "1488292920000",
    "latitudeE7" : 446347983,
    "longitudeE7" : -635925983,
    "accuracy" : 20,
    "altitude" : 22
  }, {
    "timestampMs" : "1488292904000",
    "latitudeE7" : 446353000,
    "longitudeE7" : -635900000,
    "accuracy" : 20,
    "altitude" : 20,
    "activitys" : [ {
      "timestampMs" : "1488296479091",
      "activities" : [ {
        "type" : "still",
        "confidence" : 100
      } ]
    }, {
      "timestampMs" : "1488296386918",
      "activities" : [ {
        "type" : "still",
        "confidence" : 100
      } ]
    }, {
      "timestampMs" : "1488296358554",
      "activities" : [ {
        "type" : "tilting",
        "confidence" : 100
      } ]
    }, {
      "timestampMs" : "1488296343098",
      "activities" : [ {
        "type" : "still",
        "confidence" : 100
      } ]
    }, {
      "timestampMs" : "1488296188009",
      "activities" : [ {
        "type" : "still",
        "confidence" : 100
      } ]
    }, {
      "timestampMs" : "1488296000413",
      "activities" : [ {
        "type" : "still",
        "confidence" : 100
      } ]
    } ]
  }, {
    "timestampMs" : "1488292889000",
    "latitudeE7" : 446358000,
    "longitudeE7" : -635876983,
    "accuracy" : 20,
    "altitude" : 15
  }, {
    "timestampMs" : "1488292873000",
    "latitudeE7" : 446364000,
    "longitudeE7" : -635852983,
    "accuracy" : 20,
    "altitude" : 16
  }, {
    "timestampMs" : "1488292851000",
    "latitudeE7" : 446366000,
    "longitudeE7" : -635846000,
    "accuracy" : 20,
    "altitude" : 17
  }, {
    "timestampMs" : "1488292821000",
    "latitudeE7" : 446366000,
    "longitudeE7" : -635840000,
    "accuracy" : 20,
    "altitude" : 17
  }, {
    "timestampMs" : "1488292793000",
    "latitudeE7" : 446364983,
    "longitudeE7" : -635838983,
    "accuracy" : 20,
    "altitude" : 42
  }, {
    "timestampMs" : "1488292739000",
    "latitudeE7" : 492100000,
    "longitudeE7" : 175335000,
    "accuracy" : 20,
    "altitude" : 194
  }, {
    "timestampMs" : "1488292712000",
    "latitudeE7" : 492122000,
    "longitudeE7" : 175305983,
    "accuracy" : 20,
    "altitude" : 201
  }, {
    "timestampMs" : "1488292683000",
    "latitudeE7" : 492126000,
    "longitudeE7" : 175303000,
    "accuracy" : 20,
    "altitude" : 195
  }, {
    "timestampMs" : "1488292668000",
    "latitudeE7" : 492141983,
    "longitudeE7" : 175294983,
    "accuracy" : 20,
    "altitude" : 188
  }, {
    "timestampMs" : "1488292653000",
    "latitudeE7" : 492164000,
    "longitudeE7" : 175286000,
    "accuracy" : 20,
    "altitude" : 185
  }, {
    "timestampMs" : "1488292638000",
    "latitudeE7" : 492184983,
    "longitudeE7" : 175277983,
    "accuracy" : 20,
    "altitude" : 185
  }, {
    "timestampMs" : "1488292623000",
    "latitudeE7" : 492203983,
    "longitudeE7" : 175270000,
    "accuracy" : 20,
    "altitude" : 185
  }, {
    "timestampMs" : "1488292608000",
    "latitudeE7" : 492227000,
    "longitudeE7" : 175259983,
    "accuracy" : 20,
    "altitude" : 186
  }, {
    "timestampMs" : "1488292592000",
    "latitudeE7" : 492248983,
    "longitudeE7" : 175246983,
    "accuracy" : 20,
    "altitude" : 189
  }, {
    "timestampMs" : "1488292326000",
    "latitudeE7" : 492578000,
    "longitudeE7" : 174984000,
    "accuracy" : 20,
    "altitude" : 190
  }, {
    "timestampMs" : "1488292311000",
    "latitudeE7" : 492590000,
    "longitudeE7" : 174995000,
    "accuracy" : 20,
    "altitude" : 196
  }, {
    "timestampMs" : "1488292295000",
    "latitudeE7" : 492608983,
    "longitudeE7" : 175003983,
    "accuracy" : 20,
    "altitude" : 186
  }, {
    "timestampMs" : "1488292230000",
    "latitudeE7" : 492738000,
    "longitudeE7" : 175042000,
    "accuracy" : 20,
    "altitude" : 218
  }, {
    "timestampMs" : "1488292219000",
    "latitudeE7" : 492755000,
    "longitudeE7" : 175057000,
    "accuracy" : 20,
    "altitude" : 219
  }, {
    "timestampMs" : "1488291890000",
    "latitudeE7" : 493141983,
    "longitudeE7" : 175448983,
    "accuracy" : 20,
    "altitude" : 206
  } ]
}