{
  "conversation_state" : [ {
    "conversation_id" : {
      "id" : "Ugxyq2DmJx3oPxuHgm94AaABAagB0eP0BQ"
    },
    "response_header" : {
      "status" : "OK",
      "debug_url" : "",
      "request_trace_id" : "5567664845462777691",
      "current_server_time" : "1489172741386000",
      "build_label" : "chat_conserver_20170302.06_p0",
      "changelist_number" : 149028579
    },
    "conversation_state" : {
      "conversation_id" : {
        "id" : "Ugxyq2DmJx3oPxuHgm94AaABAagB0eP0BQ"
      },
      "conversation" : {
        "id" : {
          "id" : "Ugxyq2DmJx3oPxuHgm94AaABAagB0eP0BQ"
        },
        "type" : "STICKY_ONE_TO_ONE",
        "self_conversation_state" : {
          "self_read_state" : {
            "participant_id" : {
              "gaia_id" : "116134481741880074270",
              "chat_id" : "116134481741880074270"
            },
            "latest_read_timestamp" : "1488290333739882"
          },
          "status" : "ACTIVE",
          "notification_level" : "RING",
          "view" : [ "INBOX_VIEW" ],
          "inviter_id" : {
            "gaia_id" : "118317697093103154428",
            "chat_id" : "118317697093103154428"
          },
          "invite_timestamp" : "1488290146998000",
          "sort_timestamp" : "1488290333739882",
          "active_timestamp" : "1488290250719000",
          "delivery_medium_option" : [ {
            "delivery_medium" : {
              "medium_type" : "BABEL_MEDIUM"
            },
            "current_default" : true
          } ],
          "is_guest" : false
        },
        "read_state" : [ {
          "participant_id" : {
            "gaia_id" : "116134481741880074270",
            "chat_id" : "116134481741880074270"
          },
          "latest_read_timestamp" : "1488290333739882"
        }, {
          "participant_id" : {
            "gaia_id" : "118317697093103154428",
            "chat_id" : "118317697093103154428"
          },
          "latest_read_timestamp" : "1488290333739882"
        } ],
        "has_active_hangout" : false,
        "otr_status" : "ON_THE_RECORD",
        "otr_toggle" : "ENABLED",
        "current_participant" : [ {
          "gaia_id" : "116134481741880074270",
          "chat_id" : "116134481741880074270"
        }, {
          "gaia_id" : "118317697093103154428",
          "chat_id" : "118317697093103154428"
        } ],
        "participant_data" : [ {
          "id" : {
            "gaia_id" : "116134481741880074270",
            "chat_id" : "116134481741880074270"
          },
          "fallback_name" : "alice.sne.os3@gmail.com",
          "invitation_status" : "ACCEPTED_INVITATION",
          "participant_type" : "GAIA",
          "new_invitation_status" : "ACCEPTED_INVITATION"
        }, {
          "id" : {
            "gaia_id" : "118317697093103154428",
            "chat_id" : "118317697093103154428"
          },
          "fallback_name" : "Bob Sne",
          "invitation_status" : "ACCEPTED_INVITATION",
          "participant_type" : "GAIA",
          "new_invitation_status" : "ACCEPTED_INVITATION"
        } ],
        "fork_on_external_invite" : false,
        "network_type" : [ "BABEL" ],
        "force_history_state" : "NO_FORCE",
        "group_link_sharing_status" : "LINK_SHARING_OFF"
      },
      "event" : [ {
        "conversation_id" : {
          "id" : "Ugxyq2DmJx3oPxuHgm94AaABAagB0eP0BQ"
        },
        "sender_id" : {
          "gaia_id" : "118317697093103154428",
          "chat_id" : "118317697093103154428"
        },
        "timestamp" : "1488290152514315",
        "self_event_state" : {
          "user_id" : {
            "gaia_id" : "116134481741880074270",
            "chat_id" : "116134481741880074270"
          },
          "notification_level" : "RING"
        },
        "chat_message" : {
          "message_content" : {
            "segment" : [ {
              "type" : "TEXT",
              "text" : "Let's chat on Hangouts!",
              "formatting" : {
                "bold" : false,
                "italics" : false,
                "strikethrough" : false,
                "underline" : false
              }
            } ]
          }
        },
        "event_id" : "8PXCHairEW28PXCIFVmI1C",
        "advances_sort_timestamp" : true,
        "event_otr" : "ON_THE_RECORD",
        "delivery_medium" : {
          "medium_type" : "BABEL_MEDIUM"
        },
        "event_type" : "REGULAR_CHAT_MESSAGE",
        "event_version" : "1488290152514315"
      }, {
        "conversation_id" : {
          "id" : "Ugxyq2DmJx3oPxuHgm94AaABAagB0eP0BQ"
        },
        "sender_id" : {
          "gaia_id" : "118317697093103154428",
          "chat_id" : "118317697093103154428"
        },
        "timestamp" : "1488290263567759",
        "self_event_state" : {
          "user_id" : {
            "gaia_id" : "116134481741880074270",
            "chat_id" : "116134481741880074270"
          },
          "notification_level" : "RING"
        },
        "chat_message" : {
          "message_content" : {
            "segment" : [ {
              "type" : "TEXT",
              "text" : "Coffee?",
              "formatting" : {
                "bold" : false,
                "italics" : false,
                "strikethrough" : false,
                "underline" : false
              }
            } ]
          }
        },
        "event_id" : "8PXCHairEW28PXCVo6mZO_",
        "advances_sort_timestamp" : true,
        "event_otr" : "ON_THE_RECORD",
        "delivery_medium" : {
          "medium_type" : "BABEL_MEDIUM"
        },
        "event_type" : "REGULAR_CHAT_MESSAGE",
        "event_version" : "1488290263567759"
      }, {
        "conversation_id" : {
          "id" : "Ugxyq2DmJx3oPxuHgm94AaABAagB0eP0BQ"
        },
        "sender_id" : {
          "gaia_id" : "116134481741880074270",
          "chat_id" : "116134481741880074270"
        },
        "timestamp" : "1488290265894130",
        "self_event_state" : {
          "user_id" : {
            "gaia_id" : "116134481741880074270",
            "chat_id" : "116134481741880074270"
          },
          "client_generated_id" : "660071072626",
          "notification_level" : "RING"
        },
        "chat_message" : {
          "message_content" : {
            "segment" : [ {
              "type" : "TEXT",
              "text" : "hey hey",
              "formatting" : {
                "bold" : false,
                "italics" : false,
                "strikethrough" : false,
                "underline" : false
              }
            } ]
          }
        },
        "event_id" : "8PXCHairEW28PXCW5H_m94",
        "advances_sort_timestamp" : true,
        "event_otr" : "ON_THE_RECORD",
        "delivery_medium" : {
          "medium_type" : "BABEL_MEDIUM"
        },
        "event_type" : "REGULAR_CHAT_MESSAGE",
        "event_version" : "1488290265894130"
      }, {
        "conversation_id" : {
          "id" : "Ugxyq2DmJx3oPxuHgm94AaABAagB0eP0BQ"
        },
        "sender_id" : {
          "gaia_id" : "116134481741880074270",
          "chat_id" : "116134481741880074270"
        },
        "timestamp" : "1488290269955466",
        "self_event_state" : {
          "user_id" : {
            "gaia_id" : "116134481741880074270",
            "chat_id" : "116134481741880074270"
          },
          "client_generated_id" : "1245900810583",
          "notification_level" : "RING"
        },
        "chat_message" : {
          "message_content" : {
            "segment" : [ {
              "type" : "TEXT",
              "text" : "nice profile pic!",
              "formatting" : {
                "bold" : false,
                "italics" : false,
                "strikethrough" : false,
                "underline" : false
              }
            } ]
          }
        },
        "event_id" : "8PXCHairEW28PXCWa0ythn",
        "advances_sort_timestamp" : true,
        "event_otr" : "ON_THE_RECORD",
        "delivery_medium" : {
          "medium_type" : "BABEL_MEDIUM"
        },
        "event_type" : "REGULAR_CHAT_MESSAGE",
        "event_version" : "1488290269955466"
      }, {
        "conversation_id" : {
          "id" : "Ugxyq2DmJx3oPxuHgm94AaABAagB0eP0BQ"
        },
        "sender_id" : {
          "gaia_id" : "116134481741880074270",
          "chat_id" : "116134481741880074270"
        },
        "timestamp" : "1488290277675536",
        "self_event_state" : {
          "user_id" : {
            "gaia_id" : "116134481741880074270",
            "chat_id" : "116134481741880074270"
          },
          "client_generated_id" : "151440275794",
          "notification_level" : "RING"
        },
        "chat_message" : {
          "message_content" : {
            "attachment" : [ {
              "embed_item" : {
                "type" : [ "PLUS_PHOTO" ],
                "id" : "wb1514402757940",
                "embeds.PlusPhoto.plus_photo" : {
                  "thumbnail" : {
                    "image_url" : "https://lh3.googleusercontent.com/-LKGdYV3WN5E/VIDht6QgyEI/AAAAAAAABnY/K5vbflRFc80lpAiPl0fLLwX69yqUtl9zgCK8B/s0/Alien_Crying.png",
                    "width_px" : 360,
                    "height_px" : 360
                  },
                  "owner_obfuscated_id" : "108618507921641169817",
                  "album_id" : "6089114865072349121",
                  "photo_id" : "6089114875053787202",
                  "url" : "https://lh3.googleusercontent.com/-LKGdYV3WN5E/VIDht6QgyEI/AAAAAAAABnY/K5vbflRFc80lpAiPl0fLLwX69yqUtl9zgCK8B/s0/Alien_Crying.png",
                  "original_content_url" : "https://lh3.googleusercontent.com/Np36NaN5TWxWHuQ_22a69xGGwhN8Il7fNIuojg94I0roOhPAf6k4AhTd_VJ9EQLcgG9fzcUUPQ",
                  "media_type" : "PHOTO",
                  "stream_id" : [ "shared_group_6089114875053787202" ]
                }
              },
              "id" : "wb1514402757940"
            } ]
          }
        },
        "event_id" : "8PXCHairEW28PXCXXKcL1c",
        "advances_sort_timestamp" : true,
        "event_otr" : "ON_THE_RECORD",
        "delivery_medium" : {
          "medium_type" : "BABEL_MEDIUM"
        },
        "event_type" : "REGULAR_CHAT_MESSAGE",
        "event_version" : "1488290277675536"
      }, {
        "conversation_id" : {
          "id" : "Ugxyq2DmJx3oPxuHgm94AaABAagB0eP0BQ"
        },
        "sender_id" : {
          "gaia_id" : "116134481741880074270",
          "chat_id" : "116134481741880074270"
        },
        "timestamp" : "1488290295126431",
        "self_event_state" : {
          "user_id" : {
            "gaia_id" : "116134481741880074270",
            "chat_id" : "116134481741880074270"
          },
          "client_generated_id" : "195516365031",
          "notification_level" : "RING"
        },
        "chat_message" : {
          "message_content" : {
            "segment" : [ {
              "type" : "TEXT",
              "text" : "yep why not!",
              "formatting" : {
                "bold" : false,
                "italics" : false,
                "strikethrough" : false,
                "underline" : false
              }
            } ]
          }
        },
        "event_id" : "8PXCHairEW28PXCZeeX4WR",
        "advances_sort_timestamp" : true,
        "event_otr" : "ON_THE_RECORD",
        "delivery_medium" : {
          "medium_type" : "BABEL_MEDIUM"
        },
        "event_type" : "REGULAR_CHAT_MESSAGE",
        "event_version" : "1488290295126431"
      }, {
        "conversation_id" : {
          "id" : "Ugxyq2DmJx3oPxuHgm94AaABAagB0eP0BQ"
        },
        "sender_id" : {
          "gaia_id" : "118317697093103154428",
          "chat_id" : "118317697093103154428"
        },
        "timestamp" : "1488290305748805",
        "self_event_state" : {
          "user_id" : {
            "gaia_id" : "116134481741880074270",
            "chat_id" : "116134481741880074270"
          },
          "notification_level" : "RING"
        },
        "chat_message" : {
          "message_content" : {
            "segment" : [ {
              "type" : "TEXT",
              "text" : "lets go",
              "formatting" : {
                "bold" : false,
                "italics" : false,
                "strikethrough" : false,
                "underline" : false
              }
            } ]
          }
        },
        "event_id" : "8PXCHairEW28PXC_xeEkOY",
        "advances_sort_timestamp" : true,
        "event_otr" : "ON_THE_RECORD",
        "delivery_medium" : {
          "medium_type" : "BABEL_MEDIUM"
        },
        "event_type" : "REGULAR_CHAT_MESSAGE",
        "event_version" : "1488290305748805"
      }, {
        "conversation_id" : {
          "id" : "Ugxyq2DmJx3oPxuHgm94AaABAagB0eP0BQ"
        },
        "sender_id" : {
          "gaia_id" : "116134481741880074270",
          "chat_id" : "116134481741880074270"
        },
        "timestamp" : "1488290333739882",
        "self_event_state" : {
          "user_id" : {
            "gaia_id" : "116134481741880074270",
            "chat_id" : "116134481741880074270"
          },
          "client_generated_id" : "1391255324725",
          "notification_level" : "RING"
        },
        "chat_message" : {
          "message_content" : {
            "segment" : [ {
              "type" : "LINK",
              "text" : "https://www.google.nl/maps/place/''t+Blauwe+Theehuis'/@52.3588566,4.8704035,17z/data=!3m1!4b1!4m8!1m2!10m1!1e2!3m4!1s0x47c609e36e3648f5:0xe324276f41d93f5f!8m2!3d52.3588533!4d4.8725922?hl=en",
              "formatting" : {
                "bold" : false,
                "italics" : false,
                "strikethrough" : false,
                "underline" : false
              },
              "link_data" : {
                "link_target" : "https://www.google.nl/maps/place/''t+Blauwe+Theehuis'/@52.3588566,4.8704035,17z/data=!3m1!4b1!4m8!1m2!10m1!1e2!3m4!1s0x47c609e36e3648f5:0xe324276f41d93f5f!8m2!3d52.3588533!4d4.8725922?hl=en"
              }
            } ]
          }
        },
        "event_id" : "8PXCHairEW28PXCdNKxiYo",
        "advances_sort_timestamp" : true,
        "event_otr" : "ON_THE_RECORD",
        "delivery_medium" : {
          "medium_type" : "BABEL_MEDIUM"
        },
        "event_type" : "REGULAR_CHAT_MESSAGE",
        "event_version" : "1488290333739882"
      } ]
    }
  } ]
}