{
 "kind": "plus#person",
 "etag": "\"AkRq417qVEBC3KWNmm4zcIfUH0M/GHW_cLfS9tsCZOz2_9q_OQWuK0E\"",
 "birthday": "0000-02-28",
 "gender": "female",
 "emails": [
  {
   "value": "alice.sne.os3@gmail.com",
   "type": "account"
  }
 ],
 "objectType": "person",
 "id": "116134481741880074270",
 "displayName": "Alice SNE",
 "name": {
  "familyName": "SNE",
  "givenName": "Alice"
 },
 "url": "https://plus.google.com/116134481741880074270",
 "image": {
  "url": "https://lh6.googleusercontent.com/-qDqfNsf7g90/AAAAAAAAAAI/AAAAAAAAABA/d02DODPYkk0/photo.jpg?sz=50",
  "isDefault": false
 },
 "isPlusUser": true,
 "hasAcceptedMobileTos": true,
 "language": "en",
 "ageRange": {
  "min": 21
 },
 "circledByCount": 0,
 "verified": false
}
