{
  "type" : "FeatureCollection",
  "features" : [ {
    "geometry" : {
      "coordinates" : [ 4.8918249, 52.3578313 ],
      "type" : "Point"
    },
    "properties" : {
      "Google Maps URL" : "http://maps.google.com/?cid=5752163987307473930",
      "Location" : {
        "Address" : "Stadhouderskade 78, 1072 AE Amsterdam, Netherlands",
        "Business Name" : "Heineken Experience",
        "Country Code" : "NL",
        "Geo Coordinates" : {
          "Latitude" : "52.3578313",
          "Longitude" : "4.8918249"
        }
      },
      "Published" : "2017-02-28T13:48:13Z",
      "Title" : "Heineken Experience",
      "Updated" : "2017-02-28T13:48:13Z"
    },
    "type" : "Feature"
  } ]
}