{"event":[{"query":{"id":[{"timestamp_usec":"1489159072330108"}],"query_text":"52.333687,4.927724"}},{"query":{"id":[{"timestamp_usec":"1488894255688400"},{"timestamp_usec":"1488894255693626"}],"query_text":"1121 NX Landsmeer 1"}},{"query":{"id":[{"timestamp_usec":"1488532576034915"}],"query_text":"android"}},{"query":{"id":[{"timestamp_usec":"1488298166413022"}],"query_text":"dog pictures"}},{"query":{"id":[{"timestamp_usec":"1488297584608043"},{"timestamp_usec":"1488297591782681"}],"query_text":"cat pictures"}},{"query":{"id":[{"timestamp_usec":"1488294027086021"}],"query_text":"play store"}},{"query":{"id":[{"timestamp_usec":"1488289736346301"}],"query_text":"Amsterdam Centraal, Stationsplein, Amsterdam -> Heineken Experience, Stadhouderskade 78, 1072 AE Amsterdam"}}]}